content,msg_type
http://bmob-cdn-12413.b0.upaiyun.com/2017/06/30/5a186f9a40ec2e6f80ee362f65df1163.jpg,image
æœ‰äººåœ¨å—,text
ğŸ˜…,text
http://bmob-cdn-12413.b0.upaiyun.com/2017/06/29/a0ae9c1340554fea8097eeebfa387969.png,image
http://bmob-cdn-12413.b0.upaiyun.com/2017/06/30/f57a86f040faa94580fd3290e3b100ef.jpg,image
å—¨,text
ä½ å¥½,text
è¿™ä¸ªåŠŸèƒ½å¥½,text
æœ‰äººæœ¨,text
http://www.it577.net/org/images/point_1.png,image
magicçš„åŠå…¬ç¯å¢ƒä¸é”™çš„è¯´,text
ä¸ºä»€ä¹ˆçµåŠ¨å•†åŸæµ‹è¯•ä¸å¼¹å‡ºæ”¯ä»˜é¡µé¢,text
æœ‰äººå•Š,text
å¾®ä¿¡æ”¯ä»˜æ¥å£æ€ä¹ˆå¼„ï¼Ÿå•†åŸçš„,text
ä½ å¥½,text
è¿™ä¸ªå°ç¨‹åºæ²¡æœ‰å› ä¸ºæ¶‰åŠç¤¾äº¤ï¼Œè€Œå®¡æ ¸è¢«æ‹’å—ï¼Ÿè¯·é—®æ˜¯æ€ä¹ˆåšåˆ°çš„ï¼Ÿ,text
666,text
å“ˆå“ˆ,text
é—®ä¸‹ï¼ŒçµåŠ¨äº‘å•†leancloudéƒ¨ç½²æ•™ç¨‹ä¸Šï¼Œæ•°æ®å¯¼å…¥ï¼Œæ•°æ®åœ¨å“ªï¼Ÿæºç åŒ…é‡Œæ²¡æœ‰å•Š,text
http://bmob-cdn-12413.b0.upaiyun.com/2017/06/29/f7135471409086b18007d89ad53eb72e.png,image
ä½ å¥½,text
http://bmob-cdn-12413.b0.upaiyun.com/2017/06/30/afc034a240d681e280cfe681505c8e24.jpg,image
http://bmob-cdn-12413.b0.upaiyun.com/2017/07/19/cfec774740d3fd0080cda5364234e6a9.jpg,image
Eee,text
ç‰›é€¼,text
é¢,text
æœ‰äººå—,text
http://bmob-cdn-12413.b0.upaiyun.com/2017/06/29/bd49ba4e40facf958077d8268e9773a7.png,image
1221,text
æœ‰åœ¨å—,text
http://bmob-cdn-12413.b0.upaiyun.com/2017/06/30/2e5f99554036302380812db8a38f19a4.jpg,image
ä½ å¥½,text
è¿™æ–‡ç« å†™å¾—ä¸é”™,text
æˆ‘åœ¨ç½‘ä¸Šçœ‹ä½ çš„æºç ,text
http://bmob-cdn-12413.b0.upaiyun.com/2017/07/23/2556990b4066e686802cc50d9ba30b92.jpg,image
æœ‰äººå—,text
http://bmob-cdn-12413.b0.upaiyun.com/2017/07/12/02aaf44140a1d6a080115e84e493cb1e.jpg,image
æ˜¾ç¤ºä¸äº†,text
å»å“ª,text
ç™»é™†å¯†ç é”™è¯¯æ€ä¹ˆå›äº‹,text
ä»€ä¹ˆ,text
æœ‰äººå—,text
å“ªå„¿éƒ½æœ‰ä½ å•Šï¼Ÿç»¿æœæº~~å“ˆå“ˆ,text
æ—©ï¼Œæœ‰äººåœ¨å—,text
ğŸ˜€,text
è¿˜æœ‰è¿™ç©æ³•,text
http://bmob-cdn-12413.b0.upaiyun.com/2017/06/30/921772bc40bac977804ccfc1244910bf.jpg,image
è¿™æ–‡ç« å†™å¾—ä¸é”™,text
è°¢è°¢,text
è¯·é—®ä¸€ä¸ªé—®é¢˜,text
ä¸è°ˆï¼Œæ”¯ä»˜é¡µé¢æ˜¯å› ä¸ºè¿æ¥å¤„å—åˆ°äº†é™åˆ¶å…è´¹ç‰ˆçš„ï¼Œåªèƒ½æ¯å¤©ç”¨18ä¸ªå°æ—¶ã€‚,text
éƒ½æ”¹äº†æ•°æ®éƒ¨ç½²åè¿˜æ˜¯å¯†ç è´¦å·é”™è¯¯æ€ä¹ˆåŠ,text
æœ‰æ²¡æœ‰æ•´ç«™çš„å°ç¨‹åºå•Šï¼Œå¤§å“¥,text
è¿™æ˜¯ä»€ä¹ˆ,text
çŠ¬å®¶å¥½,text
å‰å®³äº†,text
1,text
http://bmob-cdn-12413.b0.upaiyun.com/2017/07/29/87c228284007ddaa80e781678576691a.jpg,image
æŠŠä½ çš„ä»£ç æ”¾è¿›å»æŠ¥é”™,text
è¿™ä¸ªæ˜¯ä»€ä¹ˆåŸå› å•Š,text
http://bmob-cdn-12413.b0.upaiyun.com/2017/07/29/e3582443407ed07580ae468f242ef842.jpg,image
å›¾ç‰‡æ€ä¹ˆå‡ºä¸æ¥ï¼Ÿ,text
http://bmob-cdn-12413.b0.upaiyun.com/2017/07/31/1fda910f40b74f6d809f4814def369cb.png,image
http://bmob-cdn-12413.b0.upaiyun.com/2017/08/02/108ead05404f5c0a80fe1446a8b19d0d.jpg,image
è¿™æ˜¯å’‹å›äº‹,text
å¤§å®¶å¥½ï¼æˆ‘æƒ³ä¸€ä¸‹ï¼šä¸€ä¸ªæŒ‰é’®è®¾ç½®switchTabè·³è½¬ï¼Œå¯ä»¥è·³è½¬åˆ°tabBarä¸­çš„æŸä¸€é¡µé¢ï¼Œä½†æ˜¯é‡Œé¢çš„è½®æ’­å›¾æˆ–åˆ™ä¸Šé¢çš„tabè¡¨ä¸ºä»€ä¹ˆåœ¨ç”µè„‘ä¸Šå¯ä»¥æ˜¾ç¤ºçœŸæœºä¸Šæ˜¾ç¤ºä¸äº†ï¼Ÿ,text
è¾›è‹¦å¤§ç¥è®²è§£ä¸€ä¸‹,text
å¤§å®¶å¥½,text
æˆ‘,text
æˆ‘,text
"æˆ‘éƒ½æŒ‰æ•™ç¨‹ä¸Šçš„æ”¹äº†å‘€ï¼Œï¼Œè¿˜ä¸€ç›´æŠ¥è¿™ä¸ªéƒ¨ç½²å¤±è´¥ï¼šè·å–äº‘å‡½æ•°ä¿¡æ¯å¤±è´¥ï¼Œè¯·ç¡®è®¤åŠ è½½äº†äº‘å¼•æ“ä¸­é—´ä»¶å¹¶æ­£ç¡®é…ç½® appId/appKeyï¼ˆ{""code"":401,""error"":""Unauthorized""}ï¼‰",text
å¤–å– å›¾ç‰‡ä¸Šä¼ ä¸äº† æ€ä¹ˆåš,text
å¥½åƒåªèƒ½åå°æ•°æ®åº“ä¸Šä¼ å›¾ç‰‡,text
æ ‡é¢˜æ–‡å­—æ€ä¹ˆåšå­—æ•°é™åˆ¶,text
å•¥,text
http://bmob-cdn-12413.b0.upaiyun.com/2017/08/11/b2f0ba9840d34d968060ea9e9c980579.jpg,image
åƒé†‹æ ¹æœ¬vv,text
è¿™æ˜¯å•¥,text
åå°æ€ä¹ˆåš,text
ä¸é”™,text
ä»€ä¹ˆ,text
çº³å°¼,text
