images,content,title
,,登入密码错误
,,hook改过了还是密码账号错误，有数据库吗？
,,hooks.php里面的appid也改了但是后台帐号密码还不对
,为什么收不到消息了,消息助手为什么收不到消息了
,看了很多说明，只说可以，但是没有具体方法，所以一直部署不上去，还望指教,能否说明一下如何部署到自己的服务器？
,,微信小程序 怎么和MySQL建立链接 怎么查询数据
"[""http://www.it577.net/org/images/point_1.png"",""http://www.it577.net/org/images/point_2.png"",""http://www.it577.net/org/images/point_3.png"",""http://www.it577.net/org/images/point_4.png""]",谢谢,个人可以开通微信支付吗？
,什么都正常  就是点微信支付没有反应,点击微信支付没有反应  怎么回事
,,请问微信小程序能访问h5页面？
"[""http://bmob-cdn-12413.b0.upaiyun.com/2017/07/12/0bf490cc400d0988803d65630f3a765f.jpg""]","加入我原来购物车里有1条数据，
然后，我有去添加商品到购物车，
然后我再回到购物车，
还是1条数据，除非刷新页面",如何点击 tabBar后刷新页面，求解……
,谢谢,请问，小程序客服消息，怎么用的
,打算学习一下,CI灵动商城是分离开发模式吗？有API文档吗
,我想改密码和用户名，在哪个数据文件改，还有就是微信支付如何弄,你的原始登录密码是什么
,,请问有谁做过小程序多图上传，也要带表单数据，我现在走的是文件上传接口附带表单数据。请赐教
,,为什么后台数据库不选择mysql呢？托管的数据库好难维护费
,怕老大看不到，在这里重新提问一下吧，就是安装后的默认管理员信息，登录时发现有个默认的填入信息，但是点击登录提示密码错误,默认后台账号信息
,请问灵犀云课堂在审核的时候没有因为涉及社交而被拒绝吗？审核的时候需要注意哪些问题？谢谢！,小程序审核问题
,谢谢,请问灵动云商后台上传到服务器怎么安装
,,这套程序在普通服务器上能完美运行吗
,谢谢,请问一下微信小程序的有多图上传的例子吗？
,谢谢,我下载了灵动云商代码，但不知道怎么使用
,,部署好了，账号跟密码不对，是哪里的问题？
,最近在做小程序支付功能，安桌机直接失败，苹果机验证签名失败，用签名校校检工具没问题，一直找不到原因，已经被坑得心力交瘁了，求解脱,小程序支付功能签名失败
,请问这里头像和昵称要如何获取,"		<view class=""avatar-nickname""> 			 <image src=""{{!user_list[index].userInfo.avatar ? '/images/logo.png' : user_list[index].userInfo.avatar"
,,你好请教，api.weixin.qq.com在request 里添加不了该怎么解决，谢谢
,,试试看图像
,,问答，如何获取微信用户的头像和昵称，图片上传怎么不显示
,在按照步骤操作后，账号和密码不正确,灵动商城后台账号和密码不正确
,,登入密码错误
[],,再次试下图片
,谢谢,您好，请问灵动云商微信小程序中数据在哪里？
,我将代码复制粘贴到新建的小程序，尺码无法显示，只有数字可以显示。,滑动尺码无法运行！
,,灵动商城，后台如何部署啊
"[""http://bmob-cdn-12413.b0.upaiyun.com/2017/07/31/8c011cde40ee6423804ee94bfb515f98.jpg""]",,外卖平台中的分类和商品数据是如何关联的？导入数据后点击分类商品列表变为空白了。
,黄老师您好，在用户中心，扫码分享二维码，生成出来的无法更改还是你原来的，这里这个uid 是什么？是要把uid=123456改掉吗？,带参数的二维码，无法生成
,,只能改账号..密码不知道哪里改..改了后说用户权限不足怎么办
"[""http://bmob-cdn-12413.b0.upaiyun.com/2017/08/04/21c52cc2404d9049804f637de1a08fda.jpg""]","
老师，你好，灵犀外卖获取地址的时候一直提示定位中是什么原因呢？",手机端定位失败
,,外卖程序怎么改成多商家的呢
,,"我都按教程上的改了呀，，还一直报这个部署失败：获取云函数信息失败，请确认加载了云引擎中间件并正确配置 appId/appKey（{""code"":401,""error"":""Unauthorized""}）"
,,请问源码中提问上传不了图片怎么办呀
,等你的季节大家都竞技等级减肥减肥家居服九分家居服贾大家都竞技等级就,DJ假的假的家电家具DJ大家都竞技等级贾大家都竞技等级大家觉得姐姐放假房间减肥减肥姐姐
"[""http://bmob-cdn-12413.b0.upaiyun.com/2017/08/08/bdc3e5cf40cedb7e80aeaad965703c6c.jpg""]",发发发,大家都竞技等级家电家具假的假的就看到开导开导空间的见你到家假的假的叫你发进房间减肥减肥唧唧复唧唧分就分姐姐姐夫加肥加大叫人家大家觉得减肥减肥锦江大酒店敬酒服解放军大家都竞技等级点解点解解放军附近的唧唧复唧唧附近的基督教鸡年大吉等你到家
,就这个提问的加号怎么做出来。微信小程序能做像微博那样的加号动画吗,这个提问的加号怎么实现的，小白
"[""http://bmob-cdn-12413.b0.upaiyun.com/2017/08/11/72d08d0040fecf6f80bcb06817d01a30.jpg""]",如题,有没有省市表单筛选啊
,,零基础如何快速的搭建一款属于自己的小程序应用
